{"train_losses": [5.322359005610148, 4.89600944519043, 4.465622425079346, 4.273110866546631, 4.21679162979126], "val_losses": [5.111672401428223, 4.630077838897705, 4.3617448806762695, 4.2814130783081055, 4.264959335327148], "train_accuracies": [0.03389756944444444, 0.087890625, 0.08802083333333334, 0.08802083333333334, 0.08802083333333334], "val_accuracies": [0.079296875, 0.079296875, 0.079296875, 0.079296875, 0.079296875], "kl_losses": [0.0, 0.0, 0.0, 0.0, 0.0], "pad_id": 228}