{
  "num_files": 5,
  "files_analyzed": [
    "generated_sample_01.mid",
    "generated_sample_02.mid",
    "generated_sample_03.mid",
    "generated_sample_04.mid",
    "generated_sample_05.mid"
  ],
  "average_duration": 27.469545454545454,
  "average_notes": 165.8,
  "rhythm_diversity": {
    "average": 0.010864281650916564,
    "min": 0.006024096385542169,
    "max": 0.0125
  },
  "repetition_ratio": {
    "average": 0.003747534516765286,
    "min": 0.0,
    "max": 0.01282051282051282
  },
  "pitch_similarities": {
    "average": 0.27083952087419444,
    "pairwise": [
      0.34759036144578315,
      0.21511627906976746,
      0.28825301204819276,
      0.29659090909090907,
      0.3073690109274307,
      0.3373493975903614,
      0.29791894852135814,
      0.20061641916503223,
      0.26483439041578577,
      0.15275648046732382
    ]
  },
  "pitch_histogram_average": [
    0.07488502636338165,
    0.05546959508223167,
    0.09382690380974215,
    0.10223121874389736,
    0.08803638443838781,
    0.09164731866153833,
    0.0676418782954227,
    0.10268717576436825,
    0.07873268974417756,
    0.057947317812476126,
    0.10961443023680344,
    0.07728006104757296
  ]
}