{"train_losses": [5.319558064142863, 4.87837799390157, 4.398474295934041, 4.163473884264628, 4.116806109746297, 4.111893494923909, 4.083944956461589, 4.083966970443726, 4.0824384689331055, 4.074889063835144, 4.072217067082723, 4.082729419072469, 4.063644011815389, 4.068572640419006, 4.077753186225891, 4.057594259579976, 4.076371947924296, 4.061802506446838, 4.065873781840007, 4.0594881772994995, 4.054726282755534], "val_losses": [5.108531475067139, 4.590913772583008, 4.280261039733887, 4.19647216796875, 4.183566093444824, 4.169060707092285, 4.1464033126831055, 4.141201972961426, 4.139586448669434, 4.142409801483154, 4.140351295471191, 4.137983322143555, 4.133769989013672, 4.131924152374268, 4.12851619720459, 4.126511573791504, 4.128954887390137, 4.128283500671387, 4.128622055053711, 4.12827730178833, 4.127923488616943], "train_accuracies": [0.04565972222222222, 0.08802083333333334, 0.08802083333333334, 0.08802083333333334, 0.08802083333333334, 0.07660590277777778, 0.07708333333333334, 0.07821180555555556, 0.08802083333333334, 0.0890625, 0.08949652777777778, 0.08949652777777778, 0.08949652777777778, 0.08949652777777778, 0.08949652777777778, 0.08949652777777778, 0.08949652777777778, 0.08949652777777778, 0.08949652777777778, 0.08949652777777778, 0.08949652777777778], "val_accuracies": [0.079296875, 0.079296875, 0.079296875, 0.079296875, 0.079296875, 0.065234375, 0.06484375, 0.079296875, 0.079296875, 0.081640625, 0.081640625, 0.081640625, 0.081640625, 0.081640625, 0.081640625, 0.081640625, 0.081640625, 0.081640625, 0.081640625, 0.081640625, 0.081640625], "kl_losses": [0.0, 0.0, 0.0, 0.0, 0.0, 0.0, 0.0, 0.0, 0.0, 0.0, 0.0, 0.0, 0.0, 0.0, 0.0, 0.0, 0.0, 0.0, 0.0, 0.0, 0.0], "pad_id": 228}