{"train_losses": [5.36940876642863, 5.132485707600911, 4.827570915222168, 4.5460524559021, 4.3439914385477705, 4.220365206400554, 4.158873399098714, 4.133246103922526, 4.114307562510173, 4.103621482849121, 4.093783060709636, 4.08382248878479, 4.0813188552856445, 4.080556233723958, 4.076939741770427, 4.078255812327067, 4.071728706359863, 4.076276461283366, 4.075314839680989, 4.074952284495036, 4.071169217427571, 4.072808583577474, 4.066674550374349, 4.072348753611247, 4.065771420796712, 4.068907578786214, 4.069167931874593, 4.0776082674662275, 4.06372872988383, 4.064849217732747], "val_losses": [5.222296237945557, 4.954842567443848, 4.662073135375977, 4.434013843536377, 4.29520845413208, 4.229562759399414, 4.2000956535339355, 4.184309005737305, 4.173687934875488, 4.166738033294678, 4.162436008453369, 4.158664703369141, 4.156682968139648, 4.1531572341918945, 4.150198936462402, 4.148069381713867, 4.145772457122803, 4.143354892730713, 4.140849590301514, 4.139306545257568, 4.137860298156738, 4.137261390686035, 4.1365251541137695, 4.135895729064941, 4.13567590713501, 4.135693073272705, 4.135537624359131, 4.135489463806152, 4.135437965393066, 4.135419845581055], "train_accuracies": [0.029861111111111113, 0.076953125, 0.076953125, 0.076953125, 0.076953125, 0.076953125, 0.076953125, 0.08802083333333334, 0.08802083333333334, 0.08802083333333334, 0.08802083333333334, 0.08784722222222222, 0.08828125, 0.08897569444444445, 0.08888888888888889, 0.08897569444444445, 0.08949652777777778, 0.08949652777777778, 0.08949652777777778, 0.08949652777777778, 0.08949652777777778, 0.08949652777777778, 0.08949652777777778, 0.08949652777777778, 0.08949652777777778, 0.08949652777777778, 0.08949652777777778, 0.08949652777777778, 0.08949652777777778, 0.08949652777777778], "val_accuracies": [0.065234375, 0.065234375, 0.065234375, 0.065234375, 0.065234375, 0.065234375, 0.079296875, 0.079296875, 0.079296875, 0.079296875, 0.079296875, 0.079296875, 0.080859375, 0.080859375, 0.080859375, 0.08125, 0.081640625, 0.081640625, 0.081640625, 0.081640625, 0.081640625, 0.081640625, 0.081640625, 0.081640625, 0.081640625, 0.081640625, 0.081640625, 0.081640625, 0.081640625, 0.081640625], "kl_losses": [0.0, 0.0, 0.0, 0.0, 0.0, 0.0, 0.0, 0.0, 0.0, 0.0, 0.0, 0.0, 0.0, 0.0, 0.0, 0.0, 0.0, 0.0, 0.0, 0.0, 0.0, 0.0, 0.0, 0.0, 0.0, 0.0, 0.0, 0.0, 0.0, 0.0], "pad_id": 228}