{"train_losses": [5.279926220575969], "val_losses": [5.007044315338135], "train_accuracies": [0.06228298611111111], "val_accuracies": [0.065234375], "pad_id": 228}